file,human,mouse,zebrafish,drosophila,c.elegans,yeast,ciliate,methanocaldococcus,thermococcus,tuberculosis,e.coli
UTY,690.7755278982137,690.7755278982137,690.7755278982137,690.7755278982137,284.1621423736313,108.6756296508096,40.558640416540364,17.273278291114824,5.521460917862246,1.0498221244986778,7.183508780568644
H2A,207.93787813125832,191.89763460659373,186.45112362439372,158.02822048721953,152.39679428731273,142.8790593016208,130.35126227610397,6.907755278982137,1.8971199848858813,0.916290731874155,-0.1823215567939546
H2B,199.27758409620142,190.97480077613062,162.868355963487,134.65859801817626,148.0041049468948,130.12567273906149,112.1795663146497,-0.9555114450274363,1.7719568419318752,-0.7884573603642703,-0.5877866649021191
H3,220.2642673836,220.61638651100284,218.1746042878486,218.80852363420823,214.94784997540833,199.127954901093,195.89289652350308,3.3813947543659757,2.864704011147587,-1.5260563034950492,0.10536051565782628
H4,154.18702353436,154.54763807630283,156.45356869087087,154.4938479017167,154.75933424177668,119.65746379455425,102.94338471148963,9.40635525590214,10.315977275581258,2.6736487743848776,-0.26236426446749106
