file,human,mouse,zebrafish,drosophila,c.elegans,yeast,ciliate,methanocaldococcus,thermococcus,tuberculosis,e.coli
UTY,300.0,300.0,300.0,300.0,123.41005039867429,47.19722627470802,17.614393726401687,7.501689446210399,2.3979400086720375,0.4559319556497244,3.11975822410452
H2A,90.30627305107636,83.34008379993016,80.97469413473523,68.63078414258986,66.18508681872493,62.0515870342214,56.61083391563547,3.0,0.8239087409443188,0.3979400086720376,-0.07918124604762482
H2B,86.5451551399915,82.93930215964639,70.73282827159699,58.481486060122116,64.27736607746618,56.51286162452281,48.71896663275227,-0.414973347970818,0.7695510786217261,-0.3424226808222063,-0.25527250510330607
H3,95.65955588515988,95.81247927916354,94.75202673363819,95.02733440773389,93.35066514128786,86.48017200622428,85.07520400420209,1.4685210829577449,1.2441251443275085,-0.6627578316815741,0.045757490560675115
H4,66.96257350205937,67.11918640771921,67.94692155651659,67.09582563171584,67.21112488422459,51.96657624451305,44.707743928643524,4.0851281824599495,4.480172006224281,1.1611509092627446,-0.11394335230683678
